{"variable":[{"key":"base_url","value":"http:\/\/localhost"},{"key":"token","value":"1|XXNKXXqJjfzG8XXSvXX1Q4pxxnkXmp8tT8TXXKXX"}],"info":{"name":"2022_09_27_062446_grey_multiverse_collection.json","schema":"https:\/\/schema.getpostman.com\/json\/collection\/v2.1.0\/collection.json"},"item":[{"name":"admin","item":[{"name":"api\/v1\/admin\/configuration","request":{"method":"POST","header":[{"key":"Accept","value":"application\/json"},{"key":"Content-Type","value":"application\/json"},{"key":"Authorization","value":"Bearer {{token}}"}],"url":{"raw":"{{base_url}}\/api\/v1\/admin\/configuration","host":["{{base_url}}"],"path":["api","v1","admin","configuration"],"variable":[]}}},{"name":"spaces","item":[{"name":"spaces","item":[{"name":"index","item":[{"name":"api\/v1\/admin\/spaces","request":{"method":"GET","header":[{"key":"Accept","value":"application\/json"},{"key":"Content-Type","value":"application\/json"},{"key":"Authorization","value":"Bearer {{token}}"}],"url":{"raw":"{{base_url}}\/api\/v1\/admin\/spaces","host":["{{base_url}}"],"path":["api","v1","admin","spaces"],"variable":[]}}}]},{"name":"store","item":[{"name":"api\/v1\/admin\/spaces","request":{"method":"POST","header":[{"key":"Accept","value":"application\/json"},{"key":"Content-Type","value":"application\/json"},{"key":"Authorization","value":"Bearer {{token}}"}],"url":{"raw":"{{base_url}}\/api\/v1\/admin\/spaces","host":["{{base_url}}"],"path":["api","v1","admin","spaces"],"variable":[]}}}]},{"name":"show","item":[{"name":"api\/v1\/admin\/spaces\/{space}","request":{"method":"GET","header":[{"key":"Accept","value":"application\/json"},{"key":"Content-Type","value":"application\/json"},{"key":"Authorization","value":"Bearer {{token}}"}],"url":{"raw":"{{base_url}}\/api\/v1\/admin\/spaces\/:space","host":["{{base_url}}"],"path":["api","v1","admin","spaces",":space"],"variable":[]}}}]},{"name":"update","item":[{"name":"api\/v1\/admin\/spaces\/{space}","request":{"method":"PUT","header":[{"key":"Accept","value":"application\/json"},{"key":"Content-Type","value":"application\/json"},{"key":"Authorization","value":"Bearer {{token}}"}],"url":{"raw":"{{base_url}}\/api\/v1\/admin\/spaces\/:space","host":["{{base_url}}"],"path":["api","v1","admin","spaces",":space"],"variable":[]}}},{"name":"api\/v1\/admin\/spaces\/{space}","request":{"method":"PATCH","header":[{"key":"Accept","value":"application\/json"},{"key":"Content-Type","value":"application\/json"},{"key":"Authorization","value":"Bearer {{token}}"}],"url":{"raw":"{{base_url}}\/api\/v1\/admin\/spaces\/:space","host":["{{base_url}}"],"path":["api","v1","admin","spaces",":space"],"variable":[]}}}]},{"name":"destroy","item":[{"name":"api\/v1\/admin\/spaces\/{space}","request":{"method":"DELETE","header":[{"key":"Accept","value":"application\/json"},{"key":"Content-Type","value":"application\/json"},{"key":"Authorization","value":"Bearer {{token}}"}],"url":{"raw":"{{base_url}}\/api\/v1\/admin\/spaces\/:space","host":["{{base_url}}"],"path":["api","v1","admin","spaces",":space"],"variable":[]}}}]}]},{"name":"all","item":[{"name":"api\/v1\/admin\/spaces\/reservations\/{status}","request":{"method":"GET","header":[{"key":"Accept","value":"application\/json"},{"key":"Content-Type","value":"application\/json"},{"key":"Authorization","value":"Bearer {{token}}"}],"url":{"raw":"{{base_url}}\/api\/v1\/admin\/spaces\/reservations\/:status","host":["{{base_url}}"],"path":["api","v1","admin","spaces","reservations",":status"],"variable":[]}}}]},{"name":"reservations","item":[{"name":"index","item":[{"name":"api\/v1\/admin\/spaces\/{space}\/reservations","request":{"method":"GET","header":[{"key":"Accept","value":"application\/json"},{"key":"Content-Type","value":"application\/json"},{"key":"Authorization","value":"Bearer {{token}}"}],"url":{"raw":"{{base_url}}\/api\/v1\/admin\/spaces\/:space\/reservations","host":["{{base_url}}"],"path":["api","v1","admin","spaces",":space","reservations"],"variable":[]}}}]},{"name":"show","item":[{"name":"api\/v1\/admin\/spaces\/{space}\/reservations\/{reservation}","request":{"method":"GET","header":[{"key":"Accept","value":"application\/json"},{"key":"Content-Type","value":"application\/json"},{"key":"Authorization","value":"Bearer {{token}}"}],"url":{"raw":"{{base_url}}\/api\/v1\/admin\/spaces\/:space\/reservations\/:reservation","host":["{{base_url}}"],"path":["api","v1","admin","spaces",":space","reservations",":reservation"],"variable":[]}}}]},{"name":"status","item":[{"name":"api\/v1\/admin\/spaces\/{space}\/reservations\/{reservation}\/status","request":{"method":"PUT","header":[{"key":"Accept","value":"application\/json"},{"key":"Content-Type","value":"application\/json"},{"key":"Authorization","value":"Bearer {{token}}"}],"url":{"raw":"{{base_url}}\/api\/v1\/admin\/spaces\/:space\/reservations\/:reservation\/status","host":["{{base_url}}"],"path":["api","v1","admin","spaces",":space","reservations",":reservation","status"],"variable":[]}}}]}]}]},{"name":"portals","item":[{"name":"index","item":[{"name":"api\/v1\/admin\/portals","request":{"method":"GET","header":[{"key":"Accept","value":"application\/json"},{"key":"Content-Type","value":"application\/json"},{"key":"Authorization","value":"Bearer {{token}}"}],"url":{"raw":"{{base_url}}\/api\/v1\/admin\/portals","host":["{{base_url}}"],"path":["api","v1","admin","portals"],"variable":[]}}}]},{"name":"store","item":[{"name":"api\/v1\/admin\/portals","request":{"method":"POST","header":[{"key":"Accept","value":"application\/json"},{"key":"Content-Type","value":"application\/json"},{"key":"Authorization","value":"Bearer {{token}}"}],"url":{"raw":"{{base_url}}\/api\/v1\/admin\/portals","host":["{{base_url}}"],"path":["api","v1","admin","portals"],"variable":[]}}}]},{"name":"show","item":[{"name":"api\/v1\/admin\/portals\/{portal}","request":{"method":"GET","header":[{"key":"Accept","value":"application\/json"},{"key":"Content-Type","value":"application\/json"},{"key":"Authorization","value":"Bearer {{token}}"}],"url":{"raw":"{{base_url}}\/api\/v1\/admin\/portals\/:portal","host":["{{base_url}}"],"path":["api","v1","admin","portals",":portal"],"variable":[]}}}]},{"name":"update","item":[{"name":"api\/v1\/admin\/portals\/{portal}","request":{"method":"PUT","header":[{"key":"Accept","value":"application\/json"},{"key":"Content-Type","value":"application\/json"},{"key":"Authorization","value":"Bearer {{token}}"}],"url":{"raw":"{{base_url}}\/api\/v1\/admin\/portals\/:portal","host":["{{base_url}}"],"path":["api","v1","admin","portals",":portal"],"variable":[]}}},{"name":"api\/v1\/admin\/portals\/{portal}","request":{"method":"PATCH","header":[{"key":"Accept","value":"application\/json"},{"key":"Content-Type","value":"application\/json"},{"key":"Authorization","value":"Bearer {{token}}"}],"url":{"raw":"{{base_url}}\/api\/v1\/admin\/portals\/:portal","host":["{{base_url}}"],"path":["api","v1","admin","portals",":portal"],"variable":[]}}}]},{"name":"destroy","item":[{"name":"api\/v1\/admin\/portals\/{portal}","request":{"method":"DELETE","header":[{"key":"Accept","value":"application\/json"},{"key":"Content-Type","value":"application\/json"},{"key":"Authorization","value":"Bearer {{token}}"}],"url":{"raw":"{{base_url}}\/api\/v1\/admin\/portals\/:portal","host":["{{base_url}}"],"path":["api","v1","admin","portals",":portal"],"variable":[]}}}]}]},{"name":"portal","item":[{"name":"blogs","item":[{"name":"index","item":[{"name":"api\/v1\/admin\/portals\/{portal}\/blogs","request":{"method":"GET","header":[{"key":"Accept","value":"application\/json"},{"key":"Content-Type","value":"application\/json"},{"key":"Authorization","value":"Bearer {{token}}"}],"url":{"raw":"{{base_url}}\/api\/v1\/admin\/portals\/:portal\/blogs","host":["{{base_url}}"],"path":["api","v1","admin","portals",":portal","blogs"],"variable":[]}}}]},{"name":"store","item":[{"name":"api\/v1\/admin\/portals\/{portal}\/blogs","request":{"method":"POST","header":[{"key":"Accept","value":"application\/json"},{"key":"Content-Type","value":"application\/json"},{"key":"Authorization","value":"Bearer {{token}}"}],"url":{"raw":"{{base_url}}\/api\/v1\/admin\/portals\/:portal\/blogs","host":["{{base_url}}"],"path":["api","v1","admin","portals",":portal","blogs"],"variable":[]}}}]},{"name":"show","item":[{"name":"api\/v1\/admin\/portals\/{portal}\/blogs\/{blog}","request":{"method":"GET","header":[{"key":"Accept","value":"application\/json"},{"key":"Content-Type","value":"application\/json"},{"key":"Authorization","value":"Bearer {{token}}"}],"url":{"raw":"{{base_url}}\/api\/v1\/admin\/portals\/:portal\/blogs\/:blog","host":["{{base_url}}"],"path":["api","v1","admin","portals",":portal","blogs",":blog"],"variable":[]}}}]},{"name":"update","item":[{"name":"api\/v1\/admin\/portals\/{portal}\/blogs\/{blog}","request":{"method":"PUT","header":[{"key":"Accept","value":"application\/json"},{"key":"Content-Type","value":"application\/json"},{"key":"Authorization","value":"Bearer {{token}}"}],"url":{"raw":"{{base_url}}\/api\/v1\/admin\/portals\/:portal\/blogs\/:blog","host":["{{base_url}}"],"path":["api","v1","admin","portals",":portal","blogs",":blog"],"variable":[]}}},{"name":"api\/v1\/admin\/portals\/{portal}\/blogs\/{blog}","request":{"method":"PATCH","header":[{"key":"Accept","value":"application\/json"},{"key":"Content-Type","value":"application\/json"},{"key":"Authorization","value":"Bearer {{token}}"}],"url":{"raw":"{{base_url}}\/api\/v1\/admin\/portals\/:portal\/blogs\/:blog","host":["{{base_url}}"],"path":["api","v1","admin","portals",":portal","blogs",":blog"],"variable":[]}}}]},{"name":"destroy","item":[{"name":"api\/v1\/admin\/portals\/{portal}\/blogs\/{blog}","request":{"method":"DELETE","header":[{"key":"Accept","value":"application\/json"},{"key":"Content-Type","value":"application\/json"},{"key":"Authorization","value":"Bearer {{token}}"}],"url":{"raw":"{{base_url}}\/api\/v1\/admin\/portals\/:portal\/blogs\/:blog","host":["{{base_url}}"],"path":["api","v1","admin","portals",":portal","blogs",":blog"],"variable":[]}}}]}]},{"name":"page","item":[{"name":"index","item":[{"name":"api\/v1\/admin\/portals\/{portal}\/page","request":{"method":"GET","header":[{"key":"Accept","value":"application\/json"},{"key":"Content-Type","value":"application\/json"},{"key":"Authorization","value":"Bearer {{token}}"}],"url":{"raw":"{{base_url}}\/api\/v1\/admin\/portals\/:portal\/page","host":["{{base_url}}"],"path":["api","v1","admin","portals",":portal","page"],"variable":[]}}}]},{"name":"store","item":[{"name":"api\/v1\/admin\/portals\/{portal}\/page","request":{"method":"POST","header":[{"key":"Accept","value":"application\/json"},{"key":"Content-Type","value":"application\/json"},{"key":"Authorization","value":"Bearer {{token}}"}],"url":{"raw":"{{base_url}}\/api\/v1\/admin\/portals\/:portal\/page","host":["{{base_url}}"],"path":["api","v1","admin","portals",":portal","page"],"variable":[]}}}]},{"name":"show","item":[{"name":"api\/v1\/admin\/portals\/{portal}\/page\/{page}","request":{"method":"GET","header":[{"key":"Accept","value":"application\/json"},{"key":"Content-Type","value":"application\/json"},{"key":"Authorization","value":"Bearer {{token}}"}],"url":{"raw":"{{base_url}}\/api\/v1\/admin\/portals\/:portal\/page\/:page","host":["{{base_url}}"],"path":["api","v1","admin","portals",":portal","page",":page"],"variable":[]}}}]},{"name":"update","item":[{"name":"api\/v1\/admin\/portals\/{portal}\/page\/{page}","request":{"method":"PUT","header":[{"key":"Accept","value":"application\/json"},{"key":"Content-Type","value":"application\/json"},{"key":"Authorization","value":"Bearer {{token}}"}],"url":{"raw":"{{base_url}}\/api\/v1\/admin\/portals\/:portal\/page\/:page","host":["{{base_url}}"],"path":["api","v1","admin","portals",":portal","page",":page"],"variable":[]}}},{"name":"api\/v1\/admin\/portals\/{portal}\/page\/{page}","request":{"method":"PATCH","header":[{"key":"Accept","value":"application\/json"},{"key":"Content-Type","value":"application\/json"},{"key":"Authorization","value":"Bearer {{token}}"}],"url":{"raw":"{{base_url}}\/api\/v1\/admin\/portals\/:portal\/page\/:page","host":["{{base_url}}"],"path":["api","v1","admin","portals",":portal","page",":page"],"variable":[]}}}]},{"name":"destroy","item":[{"name":"api\/v1\/admin\/portals\/{portal}\/page\/{page}","request":{"method":"DELETE","header":[{"key":"Accept","value":"application\/json"},{"key":"Content-Type","value":"application\/json"},{"key":"Authorization","value":"Bearer {{token}}"}],"url":{"raw":"{{base_url}}\/api\/v1\/admin\/portals\/:portal\/page\/:page","host":["{{base_url}}"],"path":["api","v1","admin","portals",":portal","page",":page"],"variable":[]}}}]}]}]},{"name":"forms","item":[{"name":"index","item":[{"name":"api\/v1\/admin\/forms","request":{"method":"GET","header":[{"key":"Accept","value":"application\/json"},{"key":"Content-Type","value":"application\/json"},{"key":"Authorization","value":"Bearer {{token}}"}],"url":{"raw":"{{base_url}}\/api\/v1\/admin\/forms","host":["{{base_url}}"],"path":["api","v1","admin","forms"],"variable":[]}}}]},{"name":"store","item":[{"name":"api\/v1\/admin\/forms","request":{"method":"POST","header":[{"key":"Accept","value":"application\/json"},{"key":"Content-Type","value":"application\/json"},{"key":"Authorization","value":"Bearer {{token}}"}],"url":{"raw":"{{base_url}}\/api\/v1\/admin\/forms","host":["{{base_url}}"],"path":["api","v1","admin","forms"],"variable":[]}}}]},{"name":"show","item":[{"name":"api\/v1\/admin\/forms\/{form}","request":{"method":"GET","header":[{"key":"Accept","value":"application\/json"},{"key":"Content-Type","value":"application\/json"},{"key":"Authorization","value":"Bearer {{token}}"}],"url":{"raw":"{{base_url}}\/api\/v1\/admin\/forms\/:form","host":["{{base_url}}"],"path":["api","v1","admin","forms",":form"],"variable":[]}}}]},{"name":"update","item":[{"name":"api\/v1\/admin\/forms\/{form}","request":{"method":"PUT","header":[{"key":"Accept","value":"application\/json"},{"key":"Content-Type","value":"application\/json"},{"key":"Authorization","value":"Bearer {{token}}"}],"url":{"raw":"{{base_url}}\/api\/v1\/admin\/forms\/:form","host":["{{base_url}}"],"path":["api","v1","admin","forms",":form"],"variable":[]}}},{"name":"api\/v1\/admin\/forms\/{form}","request":{"method":"PATCH","header":[{"key":"Accept","value":"application\/json"},{"key":"Content-Type","value":"application\/json"},{"key":"Authorization","value":"Bearer {{token}}"}],"url":{"raw":"{{base_url}}\/api\/v1\/admin\/forms\/:form","host":["{{base_url}}"],"path":["api","v1","admin","forms",":form"],"variable":[]}}}]},{"name":"destroy","item":[{"name":"api\/v1\/admin\/forms\/{form}","request":{"method":"DELETE","header":[{"key":"Accept","value":"application\/json"},{"key":"Content-Type","value":"application\/json"},{"key":"Authorization","value":"Bearer {{token}}"}],"url":{"raw":"{{base_url}}\/api\/v1\/admin\/forms\/:form","host":["{{base_url}}"],"path":["api","v1","admin","forms",":form"],"variable":[]}}}]}]},{"name":"{form}","item":[{"name":"index","item":[{"name":"api\/v1\/admin\/form-infos\/{form}","request":{"method":"GET","header":[{"key":"Accept","value":"application\/json"},{"key":"Content-Type","value":"application\/json"},{"key":"Authorization","value":"Bearer {{token}}"}],"url":{"raw":"{{base_url}}\/api\/v1\/admin\/form-infos\/:form","host":["{{base_url}}"],"path":["api","v1","admin","form-infos",":form"],"variable":[]}}},{"name":"api\/v1\/admin\/form-fields\/{form}","request":{"method":"GET","header":[{"key":"Accept","value":"application\/json"},{"key":"Content-Type","value":"application\/json"},{"key":"Authorization","value":"Bearer {{token}}"}],"url":{"raw":"{{base_url}}\/api\/v1\/admin\/form-fields\/:form","host":["{{base_url}}"],"path":["api","v1","admin","form-fields",":form"],"variable":[]}}},{"name":"api\/v1\/admin\/form-data\/{form}","request":{"method":"GET","header":[{"key":"Accept","value":"application\/json"},{"key":"Content-Type","value":"application\/json"},{"key":"Authorization","value":"Bearer {{token}}"}],"url":{"raw":"{{base_url}}\/api\/v1\/admin\/form-data\/:form","host":["{{base_url}}"],"path":["api","v1","admin","form-data",":form"],"variable":[]}}}]},{"name":"store","item":[{"name":"api\/v1\/admin\/form-infos\/{form}","request":{"method":"POST","header":[{"key":"Accept","value":"application\/json"},{"key":"Content-Type","value":"application\/json"},{"key":"Authorization","value":"Bearer {{token}}"}],"url":{"raw":"{{base_url}}\/api\/v1\/admin\/form-infos\/:form","host":["{{base_url}}"],"path":["api","v1","admin","form-infos",":form"],"variable":[]}}},{"name":"api\/v1\/admin\/form-fields\/{form}","request":{"method":"POST","header":[{"key":"Accept","value":"application\/json"},{"key":"Content-Type","value":"application\/json"},{"key":"Authorization","value":"Bearer {{token}}"}],"url":{"raw":"{{base_url}}\/api\/v1\/admin\/form-fields\/:form","host":["{{base_url}}"],"path":["api","v1","admin","form-fields",":form"],"variable":[]}}},{"name":"api\/v1\/admin\/form-data\/{form}","request":{"method":"POST","header":[{"key":"Accept","value":"application\/json"},{"key":"Content-Type","value":"application\/json"},{"key":"Authorization","value":"Bearer {{token}}"}],"url":{"raw":"{{base_url}}\/api\/v1\/admin\/form-data\/:form","host":["{{base_url}}"],"path":["api","v1","admin","form-data",":form"],"variable":[]}}}]},{"name":"show","item":[{"name":"api\/v1\/admin\/form-infos\/{form}\/{info}","request":{"method":"GET","header":[{"key":"Accept","value":"application\/json"},{"key":"Content-Type","value":"application\/json"},{"key":"Authorization","value":"Bearer {{token}}"}],"url":{"raw":"{{base_url}}\/api\/v1\/admin\/form-infos\/:form\/:info","host":["{{base_url}}"],"path":["api","v1","admin","form-infos",":form",":info"],"variable":[]}}},{"name":"api\/v1\/admin\/form-fields\/{form}\/{field}","request":{"method":"GET","header":[{"key":"Accept","value":"application\/json"},{"key":"Content-Type","value":"application\/json"},{"key":"Authorization","value":"Bearer {{token}}"}],"url":{"raw":"{{base_url}}\/api\/v1\/admin\/form-fields\/:form\/:field","host":["{{base_url}}"],"path":["api","v1","admin","form-fields",":form",":field"],"variable":[]}}},{"name":"api\/v1\/admin\/form-data\/{form}\/{id}","request":{"method":"GET","header":[{"key":"Accept","value":"application\/json"},{"key":"Content-Type","value":"application\/json"},{"key":"Authorization","value":"Bearer {{token}}"}],"url":{"raw":"{{base_url}}\/api\/v1\/admin\/form-data\/:form\/:id","host":["{{base_url}}"],"path":["api","v1","admin","form-data",":form",":id"],"variable":[]}}}]},{"name":"update","item":[{"name":"api\/v1\/admin\/form-infos\/{form}\/{info}","request":{"method":"PUT","header":[{"key":"Accept","value":"application\/json"},{"key":"Content-Type","value":"application\/json"},{"key":"Authorization","value":"Bearer {{token}}"}],"url":{"raw":"{{base_url}}\/api\/v1\/admin\/form-infos\/:form\/:info","host":["{{base_url}}"],"path":["api","v1","admin","form-infos",":form",":info"],"variable":[]}}},{"name":"api\/v1\/admin\/form-infos\/{form}\/{info}","request":{"method":"PATCH","header":[{"key":"Accept","value":"application\/json"},{"key":"Content-Type","value":"application\/json"},{"key":"Authorization","value":"Bearer {{token}}"}],"url":{"raw":"{{base_url}}\/api\/v1\/admin\/form-infos\/:form\/:info","host":["{{base_url}}"],"path":["api","v1","admin","form-infos",":form",":info"],"variable":[]}}},{"name":"api\/v1\/admin\/form-fields\/{form}\/{field}","request":{"method":"PUT","header":[{"key":"Accept","value":"application\/json"},{"key":"Content-Type","value":"application\/json"},{"key":"Authorization","value":"Bearer {{token}}"}],"url":{"raw":"{{base_url}}\/api\/v1\/admin\/form-fields\/:form\/:field","host":["{{base_url}}"],"path":["api","v1","admin","form-fields",":form",":field"],"variable":[]}}},{"name":"api\/v1\/admin\/form-fields\/{form}\/{field}","request":{"method":"PATCH","header":[{"key":"Accept","value":"application\/json"},{"key":"Content-Type","value":"application\/json"},{"key":"Authorization","value":"Bearer {{token}}"}],"url":{"raw":"{{base_url}}\/api\/v1\/admin\/form-fields\/:form\/:field","host":["{{base_url}}"],"path":["api","v1","admin","form-fields",":form",":field"],"variable":[]}}},{"name":"api\/v1\/admin\/form-data\/{form}\/{id}","request":{"method":"PUT","header":[{"key":"Accept","value":"application\/json"},{"key":"Content-Type","value":"application\/json"},{"key":"Authorization","value":"Bearer {{token}}"}],"url":{"raw":"{{base_url}}\/api\/v1\/admin\/form-data\/:form\/:id","host":["{{base_url}}"],"path":["api","v1","admin","form-data",":form",":id"],"variable":[]}}},{"name":"api\/v1\/admin\/form-data\/{form}\/{id}","request":{"method":"PATCH","header":[{"key":"Accept","value":"application\/json"},{"key":"Content-Type","value":"application\/json"},{"key":"Authorization","value":"Bearer {{token}}"}],"url":{"raw":"{{base_url}}\/api\/v1\/admin\/form-data\/:form\/:id","host":["{{base_url}}"],"path":["api","v1","admin","form-data",":form",":id"],"variable":[]}}}]},{"name":"destroy","item":[{"name":"api\/v1\/admin\/form-infos\/{form}\/{info}","request":{"method":"DELETE","header":[{"key":"Accept","value":"application\/json"},{"key":"Content-Type","value":"application\/json"},{"key":"Authorization","value":"Bearer {{token}}"}],"url":{"raw":"{{base_url}}\/api\/v1\/admin\/form-infos\/:form\/:info","host":["{{base_url}}"],"path":["api","v1","admin","form-infos",":form",":info"],"variable":[]}}},{"name":"api\/v1\/admin\/form-fields\/{form}\/{field}","request":{"method":"DELETE","header":[{"key":"Accept","value":"application\/json"},{"key":"Content-Type","value":"application\/json"},{"key":"Authorization","value":"Bearer {{token}}"}],"url":{"raw":"{{base_url}}\/api\/v1\/admin\/form-fields\/:form\/:field","host":["{{base_url}}"],"path":["api","v1","admin","form-fields",":form",":field"],"variable":[]}}},{"name":"api\/v1\/admin\/form-data\/{form}\/{id}","request":{"method":"DELETE","header":[{"key":"Accept","value":"application\/json"},{"key":"Content-Type","value":"application\/json"},{"key":"Authorization","value":"Bearer {{token}}"}],"url":{"raw":"{{base_url}}\/api\/v1\/admin\/form-data\/:form\/:id","host":["{{base_url}}"],"path":["api","v1","admin","form-data",":form",":id"],"variable":[]}}}]}]},{"name":"all","item":[{"name":"api\/v1\/admin\/form-fields","request":{"method":"GET","header":[{"key":"Accept","value":"application\/json"},{"key":"Content-Type","value":"application\/json"},{"key":"Authorization","value":"Bearer {{token}}"}],"url":{"raw":"{{base_url}}\/api\/v1\/admin\/form-fields","host":["{{base_url}}"],"path":["api","v1","admin","form-fields"],"variable":[]}}},{"name":"api\/v1\/admin\/form-data\/all","request":{"method":"GET","header":[{"key":"Accept","value":"application\/json"},{"key":"Content-Type","value":"application\/json"},{"key":"Authorization","value":"Bearer {{token}}"}],"url":{"raw":"{{base_url}}\/api\/v1\/admin\/form-data\/all","host":["{{base_url}}"],"path":["api","v1","admin","form-data","all"],"variable":[]}}}]},{"name":"multiple","item":[{"name":"api\/v1\/admin\/form-fields\/{form}\/multiple","request":{"method":"POST","header":[{"key":"Accept","value":"application\/json"},{"key":"Content-Type","value":"application\/json"},{"key":"Authorization","value":"Bearer {{token}}"}],"url":{"raw":"{{base_url}}\/api\/v1\/admin\/form-fields\/:form\/multiple","host":["{{base_url}}"],"path":["api","v1","admin","form-fields",":form","multiple"],"variable":[]}}}]},{"name":"stats","item":[{"name":"api\/v1\/admin\/form-data\/stats","request":{"method":"GET","header":[{"key":"Accept","value":"application\/json"},{"key":"Content-Type","value":"application\/json"},{"key":"Authorization","value":"Bearer {{token}}"}],"url":{"raw":"{{base_url}}\/api\/v1\/admin\/form-data\/stats","host":["{{base_url}}"],"path":["api","v1","admin","form-data","stats"],"variable":[]}}}]},{"name":"users","item":[{"name":"index","item":[{"name":"api\/v1\/admin\/users","request":{"method":"GET","header":[{"key":"Accept","value":"application\/json"},{"key":"Content-Type","value":"application\/json"},{"key":"Authorization","value":"Bearer {{token}}"}],"url":{"raw":"{{base_url}}\/api\/v1\/admin\/users","host":["{{base_url}}"],"path":["api","v1","admin","users"],"variable":[]}}}]},{"name":"store","item":[{"name":"api\/v1\/admin\/users","request":{"method":"POST","header":[{"key":"Accept","value":"application\/json"},{"key":"Content-Type","value":"application\/json"},{"key":"Authorization","value":"Bearer {{token}}"}],"url":{"raw":"{{base_url}}\/api\/v1\/admin\/users","host":["{{base_url}}"],"path":["api","v1","admin","users"],"variable":[]}}}]},{"name":"show","item":[{"name":"api\/v1\/admin\/users\/{user}","request":{"method":"GET","header":[{"key":"Accept","value":"application\/json"},{"key":"Content-Type","value":"application\/json"},{"key":"Authorization","value":"Bearer {{token}}"}],"url":{"raw":"{{base_url}}\/api\/v1\/admin\/users\/:user","host":["{{base_url}}"],"path":["api","v1","admin","users",":user"],"variable":[]}}}]},{"name":"update","item":[{"name":"api\/v1\/admin\/users\/{user}","request":{"method":"PUT","header":[{"key":"Accept","value":"application\/json"},{"key":"Content-Type","value":"application\/json"},{"key":"Authorization","value":"Bearer {{token}}"}],"url":{"raw":"{{base_url}}\/api\/v1\/admin\/users\/:user","host":["{{base_url}}"],"path":["api","v1","admin","users",":user"],"variable":[]}}},{"name":"api\/v1\/admin\/users\/{user}","request":{"method":"PATCH","header":[{"key":"Accept","value":"application\/json"},{"key":"Content-Type","value":"application\/json"},{"key":"Authorization","value":"Bearer {{token}}"}],"url":{"raw":"{{base_url}}\/api\/v1\/admin\/users\/:user","host":["{{base_url}}"],"path":["api","v1","admin","users",":user"],"variable":[]}}}]},{"name":"destroy","item":[{"name":"api\/v1\/admin\/users\/{user}","request":{"method":"DELETE","header":[{"key":"Accept","value":"application\/json"},{"key":"Content-Type","value":"application\/json"},{"key":"Authorization","value":"Bearer {{token}}"}],"url":{"raw":"{{base_url}}\/api\/v1\/admin\/users\/:user","host":["{{base_url}}"],"path":["api","v1","admin","users",":user"],"variable":[]}}}]}]}]},{"name":"home","item":[{"name":"api\/v1","request":{"method":"GET","header":[{"key":"Accept","value":"application\/json"},{"key":"Content-Type","value":"application\/json"}],"url":{"raw":"{{base_url}}\/api\/v1","host":["{{base_url}}"],"path":["api","v1"],"variable":[]}}},{"name":"forms","item":[{"name":"index","item":[{"name":"api\/v1\/get\/forms","request":{"method":"GET","header":[{"key":"Accept","value":"application\/json"},{"key":"Content-Type","value":"application\/json"}],"url":{"raw":"{{base_url}}\/api\/v1\/get\/forms","host":["{{base_url}}"],"path":["api","v1","get","forms"],"variable":[]}}}]},{"name":"show","item":[{"name":"api\/v1\/get\/forms\/{form}","request":{"method":"GET","header":[{"key":"Accept","value":"application\/json"},{"key":"Content-Type","value":"application\/json"}],"url":{"raw":"{{base_url}}\/api\/v1\/get\/forms\/:form","host":["{{base_url}}"],"path":["api","v1","get","forms",":form"],"variable":[]}}}]}]},{"name":"api\/v1\/get\/form-fields\/form\/{form}","request":{"method":"GET","header":[{"key":"Accept","value":"application\/json"},{"key":"Content-Type","value":"application\/json"}],"url":{"raw":"{{base_url}}\/api\/v1\/get\/form-fields\/form\/:form","host":["{{base_url}}"],"path":["api","v1","get","form-fields","form",":form"],"variable":[]}}},{"name":"form-fields","item":[{"name":"index","item":[{"name":"api\/v1\/get\/form-fields","request":{"method":"GET","header":[{"key":"Accept","value":"application\/json"},{"key":"Content-Type","value":"application\/json"}],"url":{"raw":"{{base_url}}\/api\/v1\/get\/form-fields","host":["{{base_url}}"],"path":["api","v1","get","form-fields"],"variable":[]}}}]},{"name":"show","item":[{"name":"api\/v1\/get\/form-fields\/{id}","request":{"method":"GET","header":[{"key":"Accept","value":"application\/json"},{"key":"Content-Type","value":"application\/json"}],"url":{"raw":"{{base_url}}\/api\/v1\/get\/form-fields\/:id","host":["{{base_url}}"],"path":["api","v1","get","form-fields",":id"],"variable":[]}}}]}]},{"name":"{form}","item":[{"name":"store","item":[{"name":"api\/v1\/get\/form-data\/{form}","request":{"method":"POST","header":[{"key":"Accept","value":"application\/json"},{"key":"Content-Type","value":"application\/json"}],"url":{"raw":"{{base_url}}\/api\/v1\/get\/form-data\/:form","host":["{{base_url}}"],"path":["api","v1","get","form-data",":form"],"variable":[]}}}]},{"name":"show","item":[{"name":"api\/v1\/get\/form-data\/{form}\/{id}","request":{"method":"GET","header":[{"key":"Accept","value":"application\/json"},{"key":"Content-Type","value":"application\/json"}],"url":{"raw":"{{base_url}}\/api\/v1\/get\/form-data\/:form\/:id","host":["{{base_url}}"],"path":["api","v1","get","form-data",":form",":id"],"variable":[]}}}]},{"name":"update","item":[{"name":"api\/v1\/get\/form-data\/{form}\/{id}","request":{"method":"PUT","header":[{"key":"Accept","value":"application\/json"},{"key":"Content-Type","value":"application\/json"}],"url":{"raw":"{{base_url}}\/api\/v1\/get\/form-data\/:form\/:id","host":["{{base_url}}"],"path":["api","v1","get","form-data",":form",":id"],"variable":[]}}},{"name":"api\/v1\/get\/form-data\/{form}\/{id}","request":{"method":"PATCH","header":[{"key":"Accept","value":"application\/json"},{"key":"Content-Type","value":"application\/json"}],"url":{"raw":"{{base_url}}\/api\/v1\/get\/form-data\/:form\/:id","host":["{{base_url}}"],"path":["api","v1","get","form-data",":form",":id"],"variable":[]}}}]}]},{"name":"data","item":[{"name":"settings","item":[{"name":"api\/v1\/get\/settings","request":{"method":"GET","header":[{"key":"Accept","value":"application\/json"},{"key":"Content-Type","value":"application\/json"}],"url":{"raw":"{{base_url}}\/api\/v1\/get\/settings","host":["{{base_url}}"],"path":["api","v1","get","settings"],"variable":[]}}}]},{"name":"api\/v1\/get\/verification\/{action}\/{task?}","request":{"method":"GET","header":[{"key":"Accept","value":"application\/json"},{"key":"Content-Type","value":"application\/json"}],"url":{"raw":"{{base_url}}\/api\/v1\/get\/verification\/:action\/{task?}","host":["{{base_url}}"],"path":["api","v1","get","verification",":action","{task?}"],"variable":[]}}},{"name":"verification","item":[{"name":"data","item":[{"name":"api\/v1\/get\/verification\/{action}\/{task?}","request":{"method":"GET","header":[{"key":"Accept","value":"application\/json"},{"key":"Content-Type","value":"application\/json"}],"url":{"raw":"{{base_url}}\/api\/v1\/get\/verification\/:action\/{task?}","host":["{{base_url}}"],"path":["api","v1","get","verification",":action","{task?}"],"variable":[]}}}]}]},{"name":"api\/v1\/get\/verification\/{action}","request":{"method":"POST","header":[{"key":"Accept","value":"application\/json"},{"key":"Content-Type","value":"application\/json"},{"key":"Authorization","value":"Bearer {{token}}"}],"url":{"raw":"{{base_url}}\/api\/v1\/get\/verification\/:action","host":["{{base_url}}"],"path":["api","v1","get","verification",":action"],"variable":[]}}}]}]},{"name":"spaces","item":[{"name":"index","item":[{"name":"api\/v1\/spaces","request":{"method":"GET","header":[{"key":"Accept","value":"application\/json"},{"key":"Content-Type","value":"application\/json"}],"url":{"raw":"{{base_url}}\/api\/v1\/spaces","host":["{{base_url}}"],"path":["api","v1","spaces"],"variable":[]}}}]},{"name":"show","item":[{"name":"api\/v1\/spaces\/{space}","request":{"method":"GET","header":[{"key":"Accept","value":"application\/json"},{"key":"Content-Type","value":"application\/json"}],"url":{"raw":"{{base_url}}\/api\/v1\/spaces\/:space","host":["{{base_url}}"],"path":["api","v1","spaces",":space"],"variable":[]}}}]},{"name":"reserve","item":[{"name":"store","item":[{"name":"api\/v1\/spaces\/{space}\/reserve","request":{"method":"POST","header":[{"key":"Accept","value":"application\/json"},{"key":"Content-Type","value":"application\/json"},{"key":"Authorization","value":"Bearer {{token}}"}],"url":{"raw":"{{base_url}}\/api\/v1\/spaces\/:space\/reserve","host":["{{base_url}}"],"path":["api","v1","spaces",":space","reserve"],"variable":[]}}}]},{"name":"guest","item":[{"name":"api\/v1\/spaces\/{space}\/reserve\/guest","request":{"method":"POST","header":[{"key":"Accept","value":"application\/json"},{"key":"Content-Type","value":"application\/json"}],"url":{"raw":"{{base_url}}\/api\/v1\/spaces\/:space\/reserve\/guest","host":["{{base_url}}"],"path":["api","v1","spaces",":space","reserve","guest"],"variable":[]}}}]}]}]},{"name":"portals","item":[{"name":"index","item":[{"name":"api\/v1\/portals","request":{"method":"GET","header":[{"key":"Accept","value":"application\/json"},{"key":"Content-Type","value":"application\/json"}],"url":{"raw":"{{base_url}}\/api\/v1\/portals","host":["{{base_url}}"],"path":["api","v1","portals"],"variable":[]}}}]},{"name":"show","item":[{"name":"api\/v1\/portals\/{portal}","request":{"method":"GET","header":[{"key":"Accept","value":"application\/json"},{"key":"Content-Type","value":"application\/json"}],"url":{"raw":"{{base_url}}\/api\/v1\/portals\/:portal","host":["{{base_url}}"],"path":["api","v1","portals",":portal"],"variable":[]}}}]}]},{"name":"portal","item":[{"name":"blogs","item":[{"name":"index","item":[{"name":"api\/v1\/portals\/{portal}\/blogs","request":{"method":"GET","header":[{"key":"Accept","value":"application\/json"},{"key":"Content-Type","value":"application\/json"}],"url":{"raw":"{{base_url}}\/api\/v1\/portals\/:portal\/blogs","host":["{{base_url}}"],"path":["api","v1","portals",":portal","blogs"],"variable":[]}}}]},{"name":"show","item":[{"name":"api\/v1\/portals\/{portal}\/blogs\/{blog}","request":{"method":"GET","header":[{"key":"Accept","value":"application\/json"},{"key":"Content-Type","value":"application\/json"}],"url":{"raw":"{{base_url}}\/api\/v1\/portals\/:portal\/blogs\/:blog","host":["{{base_url}}"],"path":["api","v1","portals",":portal","blogs",":blog"],"variable":[]}}}]}]},{"name":"page","item":[{"name":"index","item":[{"name":"api\/v1\/portals\/{portal}\/page","request":{"method":"GET","header":[{"key":"Accept","value":"application\/json"},{"key":"Content-Type","value":"application\/json"}],"url":{"raw":"{{base_url}}\/api\/v1\/portals\/:portal\/page","host":["{{base_url}}"],"path":["api","v1","portals",":portal","page"],"variable":[]}}}]},{"name":"show","item":[{"name":"api\/v1\/portals\/{portal}\/page\/{page}","request":{"method":"GET","header":[{"key":"Accept","value":"application\/json"},{"key":"Content-Type","value":"application\/json"}],"url":{"raw":"{{base_url}}\/api\/v1\/portals\/:portal\/page\/:page","host":["{{base_url}}"],"path":["api","v1","portals",":portal","page",":page"],"variable":[]}}}]}]}]},{"name":"user","item":[{"name":"scan-history","item":[{"name":"api\/v1\/user\/scan-history","request":{"method":"GET","header":[{"key":"Accept","value":"application\/json"},{"key":"Content-Type","value":"application\/json"},{"key":"Authorization","value":"Bearer {{token}}"}],"url":{"raw":"{{base_url}}\/api\/v1\/user\/scan-history","host":["{{base_url}}"],"path":["api","v1","user","scan-history"],"variable":[]}}},{"name":"show","item":[{"name":"api\/v1\/user\/scan-history\/{scan}","request":{"method":"GET","header":[{"key":"Accept","value":"application\/json"},{"key":"Content-Type","value":"application\/json"},{"key":"Authorization","value":"Bearer {{token}}"}],"url":{"raw":"{{base_url}}\/api\/v1\/user\/scan-history\/:scan","host":["{{base_url}}"],"path":["api","v1","user","scan-history",":scan"],"variable":[]}}}]}]}]},{"name":"manage","item":[{"name":"forms","item":[{"name":"index","item":[{"name":"api\/v1\/manage\/forms","request":{"method":"GET","header":[{"key":"Accept","value":"application\/json"},{"key":"Content-Type","value":"application\/json"},{"key":"Authorization","value":"Bearer {{token}}"}],"url":{"raw":"{{base_url}}\/api\/v1\/manage\/forms","host":["{{base_url}}"],"path":["api","v1","manage","forms"],"variable":[]}}}]},{"name":"show","item":[{"name":"api\/v1\/manage\/forms\/{form}","request":{"method":"GET","header":[{"key":"Accept","value":"application\/json"},{"key":"Content-Type","value":"application\/json"},{"key":"Authorization","value":"Bearer {{token}}"}],"url":{"raw":"{{base_url}}\/api\/v1\/manage\/forms\/:form","host":["{{base_url}}"],"path":["api","v1","manage","forms",":form"],"variable":[]}}}]}]},{"name":"all","item":[{"name":"api\/v1\/manage\/form-fields","request":{"method":"GET","header":[{"key":"Accept","value":"application\/json"},{"key":"Content-Type","value":"application\/json"},{"key":"Authorization","value":"Bearer {{token}}"}],"url":{"raw":"{{base_url}}\/api\/v1\/manage\/form-fields","host":["{{base_url}}"],"path":["api","v1","manage","form-fields"],"variable":[]}}},{"name":"api\/v1\/manage\/form-data\/all","request":{"method":"GET","header":[{"key":"Accept","value":"application\/json"},{"key":"Content-Type","value":"application\/json"},{"key":"Authorization","value":"Bearer {{token}}"}],"url":{"raw":"{{base_url}}\/api\/v1\/manage\/form-data\/all","host":["{{base_url}}"],"path":["api","v1","manage","form-data","all"],"variable":[]}}}]},{"name":"{form}","item":[{"name":"index","item":[{"name":"api\/v1\/manage\/form-fields\/{form}","request":{"method":"GET","header":[{"key":"Accept","value":"application\/json"},{"key":"Content-Type","value":"application\/json"},{"key":"Authorization","value":"Bearer {{token}}"}],"url":{"raw":"{{base_url}}\/api\/v1\/manage\/form-fields\/:form","host":["{{base_url}}"],"path":["api","v1","manage","form-fields",":form"],"variable":[]}}},{"name":"api\/v1\/manage\/form-data\/{form}","request":{"method":"GET","header":[{"key":"Accept","value":"application\/json"},{"key":"Content-Type","value":"application\/json"},{"key":"Authorization","value":"Bearer {{token}}"}],"url":{"raw":"{{base_url}}\/api\/v1\/manage\/form-data\/:form","host":["{{base_url}}"],"path":["api","v1","manage","form-data",":form"],"variable":[]}}}]},{"name":"show","item":[{"name":"api\/v1\/manage\/form-fields\/{form}\/{field}","request":{"method":"GET","header":[{"key":"Accept","value":"application\/json"},{"key":"Content-Type","value":"application\/json"},{"key":"Authorization","value":"Bearer {{token}}"}],"url":{"raw":"{{base_url}}\/api\/v1\/manage\/form-fields\/:form\/:field","host":["{{base_url}}"],"path":["api","v1","manage","form-fields",":form",":field"],"variable":[]}}},{"name":"api\/v1\/manage\/form-data\/{form}\/{id}","request":{"method":"GET","header":[{"key":"Accept","value":"application\/json"},{"key":"Content-Type","value":"application\/json"},{"key":"Authorization","value":"Bearer {{token}}"}],"url":{"raw":"{{base_url}}\/api\/v1\/manage\/form-data\/:form\/:id","host":["{{base_url}}"],"path":["api","v1","manage","form-data",":form",":id"],"variable":[]}}}]},{"name":"store","item":[{"name":"api\/v1\/manage\/form-data\/{form}","request":{"method":"POST","header":[{"key":"Accept","value":"application\/json"},{"key":"Content-Type","value":"application\/json"},{"key":"Authorization","value":"Bearer {{token}}"}],"url":{"raw":"{{base_url}}\/api\/v1\/manage\/form-data\/:form","host":["{{base_url}}"],"path":["api","v1","manage","form-data",":form"],"variable":[]}}}]},{"name":"update","item":[{"name":"api\/v1\/manage\/form-data\/{form}\/{id}","request":{"method":"PUT","header":[{"key":"Accept","value":"application\/json"},{"key":"Content-Type","value":"application\/json"},{"key":"Authorization","value":"Bearer {{token}}"}],"url":{"raw":"{{base_url}}\/api\/v1\/manage\/form-data\/:form\/:id","host":["{{base_url}}"],"path":["api","v1","manage","form-data",":form",":id"],"variable":[]}}},{"name":"api\/v1\/manage\/form-data\/{form}\/{id}","request":{"method":"PATCH","header":[{"key":"Accept","value":"application\/json"},{"key":"Content-Type","value":"application\/json"},{"key":"Authorization","value":"Bearer {{token}}"}],"url":{"raw":"{{base_url}}\/api\/v1\/manage\/form-data\/:form\/:id","host":["{{base_url}}"],"path":["api","v1","manage","form-data",":form",":id"],"variable":[]}}}]},{"name":"destroy","item":[{"name":"api\/v1\/manage\/form-data\/{form}\/{id}","request":{"method":"DELETE","header":[{"key":"Accept","value":"application\/json"},{"key":"Content-Type","value":"application\/json"},{"key":"Authorization","value":"Bearer {{token}}"}],"url":{"raw":"{{base_url}}\/api\/v1\/manage\/form-data\/:form\/:id","host":["{{base_url}}"],"path":["api","v1","manage","form-data",":form",":id"],"variable":[]}}}]}]},{"name":"decode","item":[{"name":"qr","item":[{"name":"api\/v1\/manage\/qr\/form-data","request":{"method":"POST","header":[{"key":"Accept","value":"application\/json"},{"key":"Content-Type","value":"application\/json"},{"key":"Authorization","value":"Bearer {{token}}"}],"url":{"raw":"{{base_url}}\/api\/v1\/manage\/qr\/form-data","host":["{{base_url}}"],"path":["api","v1","manage","qr","form-data"],"variable":[]}}}]},{"name":"reservation","item":[{"name":"qr","item":[{"name":"api\/v1\/manage\/qr\/reservation-data","request":{"method":"POST","header":[{"key":"Accept","value":"application\/json"},{"key":"Content-Type","value":"application\/json"},{"key":"Authorization","value":"Bearer {{token}}"}],"url":{"raw":"{{base_url}}\/api\/v1\/manage\/qr\/reservation-data","host":["{{base_url}}"],"path":["api","v1","manage","qr","reservation-data"],"variable":[]}}}]}]}]},{"name":"stats","item":[{"name":"api\/v1\/manage\/form-data\/stats\/{form}","request":{"method":"GET","header":[{"key":"Accept","value":"application\/json"},{"key":"Content-Type","value":"application\/json"},{"key":"Authorization","value":"Bearer {{token}}"}],"url":{"raw":"{{base_url}}\/api\/v1\/manage\/form-data\/stats\/:form","host":["{{base_url}}"],"path":["api","v1","manage","form-data","stats",":form"],"variable":[]}}}]}]},{"name":"playground","item":[{"name":"api\/v1\/playground","request":{"method":"GET","header":[{"key":"Accept","value":"application\/json"},{"key":"Content-Type","value":"application\/json"},{"key":"Authorization","value":"Bearer {{token}}"}],"url":{"raw":"{{base_url}}\/api\/v1\/playground","host":["{{base_url}}"],"path":["api","v1","playground"],"variable":[]}}}]},{"name":"register","item":[{"name":"api\/v1\/register","request":{"method":"POST","header":[{"key":"Accept","value":"application\/json"},{"key":"Content-Type","value":"application\/json"}],"url":{"raw":"{{base_url}}\/api\/v1\/register","host":["{{base_url}}"],"path":["api","v1","register"],"variable":[]}}},{"name":"preflight","item":[{"name":"api\/v1\/register\/preflight\/{token}","request":{"method":"GET","header":[{"key":"Accept","value":"application\/json"},{"key":"Content-Type","value":"application\/json"}],"url":{"raw":"{{base_url}}\/api\/v1\/register\/preflight\/:token","host":["{{base_url}}"],"path":["api","v1","register","preflight",":token"],"variable":[]}}}]}]},{"name":"login","item":[{"name":"api\/v1\/login","request":{"method":"POST","header":[{"key":"Accept","value":"application\/json"},{"key":"Content-Type","value":"application\/json"}],"url":{"raw":"{{base_url}}\/api\/v1\/login","host":["{{base_url}}"],"path":["api","v1","login"],"variable":[]},"body":{"mode":"urlencoded","urlencoded":[{"key":"email","value":null,"type":"text","description":"The email field is required., The email must be a string., The email must be a valid email address."},{"key":"password","value":null,"type":"text","description":"The password field is required., The password must be a string."}]}}}]},{"name":"web","item":[{"name":"login","item":[{"name":"api\/v1\/web\/login","request":{"method":"GET","header":[{"key":"Accept","value":"application\/json"},{"key":"Content-Type","value":"application\/json"}],"url":{"raw":"{{base_url}}\/api\/v1\/web\/login","host":["{{base_url}}"],"path":["api","v1","web","login"],"variable":[]}}}]}]},{"name":"password","item":[{"name":"email","item":[{"name":"api\/v1\/forgot-password","request":{"method":"POST","header":[{"key":"Accept","value":"application\/json"},{"key":"Content-Type","value":"application\/json"}],"url":{"raw":"{{base_url}}\/api\/v1\/forgot-password","host":["{{base_url}}"],"path":["api","v1","forgot-password"],"variable":[]}}}]},{"name":"code","item":[{"name":"check","item":[{"name":"api\/v1\/reset-password\/check-code","request":{"method":"POST","header":[{"key":"Accept","value":"application\/json"},{"key":"Content-Type","value":"application\/json"}],"url":{"raw":"{{base_url}}\/api\/v1\/reset-password\/check-code","host":["{{base_url}}"],"path":["api","v1","reset-password","check-code"],"variable":[]}}}]}]},{"name":"update","item":[{"name":"api\/v1\/reset-password","request":{"method":"POST","header":[{"key":"Accept","value":"application\/json"},{"key":"Content-Type","value":"application\/json"}],"url":{"raw":"{{base_url}}\/api\/v1\/reset-password","host":["{{base_url}}"],"path":["api","v1","reset-password"],"variable":[]}}}]}]},{"name":"verification","item":[{"name":"verify","item":[{"name":"api\/v1\/verify-email\/{id}\/{hash}","request":{"method":"GET","header":[{"key":"Accept","value":"application\/json"},{"key":"Content-Type","value":"application\/json"},{"key":"Authorization","value":"Bearer {{token}}"}],"url":{"raw":"{{base_url}}\/api\/v1\/verify-email\/:id\/:hash","host":["{{base_url}}"],"path":["api","v1","verify-email",":id",":hash"],"variable":[]}}},{"name":"code","item":[{"name":"api\/v1\/verify\/with-code\/{type?}","request":{"method":"POST","header":[{"key":"Accept","value":"application\/json"},{"key":"Content-Type","value":"application\/json"},{"key":"Authorization","value":"Bearer {{token}}"}],"url":{"raw":"{{base_url}}\/api\/v1\/verify\/with-code\/{type?}","host":["{{base_url}}"],"path":["api","v1","verify","with-code","{type?}"],"variable":[]}}}]}]},{"name":"send","item":[{"name":"api\/v1\/send\/verification-notification\/{type?}","request":{"method":"GET","header":[{"key":"Accept","value":"application\/json"},{"key":"Content-Type","value":"application\/json"},{"key":"Authorization","value":"Bearer {{token}}"}],"url":{"raw":"{{base_url}}\/api\/v1\/send\/verification-notification\/{type?}","host":["{{base_url}}"],"path":["api","v1","send","verification-notification","{type?}"],"variable":[]}}}]}]},{"name":"logout","item":[{"name":"api\/v1\/logout","request":{"method":"POST","header":[{"key":"Accept","value":"application\/json"},{"key":"Content-Type","value":"application\/json"},{"key":"Authorization","value":"Bearer {{token}}"}],"url":{"raw":"{{base_url}}\/api\/v1\/logout","host":["{{base_url}}"],"path":["api","v1","logout"],"variable":[]}}}]}],"event":[]}